MonthlyIncome,Age,CreditScore,LoanAmount,LoanTermMonths,EmploymentStatus,MaritalStatus,Dependents,LoanApproved
3784.904606,58,673,42747.51743,31,Unemployed,Married,1,1
4747.727171,32,500,35396.54635,15,Self-Employed,Married,1,1
3630.787283,40,802,39958.45591,12,Employed,Married,2,1
6857.429497,52,428,52333.20229,36,Employed,Married,4,0
1311.197932,53,758,41687.80446,18,Unemployed,Divorced,2,1
4065.995152,53,809,39456.73858,35,Unemployed,Divorced,4,0
9584.980686,57,371,46613.70865,19,Employed,Single,3,0
5977.620109,68,715,40651.08285,38,Unemployed,Married,3,1
6420.533981,28,493,73157.70067,17,Self-Employed,Single,1,1
7111.068886,24,470,65762.02706,49,Self-Employed,Single,1,1
5108.146201,55,616,53038.82421,40,Employed,Married,3,0
5515.906833,33,436,68951.57563,47,Unemployed,Single,1,0
6176.563299,25,536,43449.85106,55,Employed,Married,0,0
6770.488477,55,396,54151.93814,28,Self-Employed,Single,0,1
2965.985952,65,673,48062.08641,40,Employed,Single,1,1
4732.613937,58,672,38582.83007,31,Self-Employed,Divorced,2,0
4123.628997,30,774,68173.4349,24,Employed,Married,1,0
5986.886989,63,832,46473.6853,55,Unemployed,Single,2,1
4601.98176,35,770,59900.98475,39,Unemployed,Single,0,1
2450.032785,52,552,49610.72623,20,Employed,Divorced,3,0
5586.988309,65,340,57889.5581,13,Self-Employed,Married,1,0
5217.900624,62,320,26448.65055,16,Unemployed,Single,0,0
5063.453572,43,461,17310.71204,14,Unemployed,Married,4,1
7545.279726,23,645,36839.70593,13,Unemployed,Married,0,1
7142.895799,47,746,62740.86521,52,Employed,Divorced,4,1
5831.636024,31,316,60306.02003,38,Unemployed,Divorced,4,0
8101.358463,37,531,35103.48569,23,Employed,Divorced,0,1
4377.242166,32,338,61798.52092,14,Self-Employed,Married,1,0
2241.520185,58,546,51300.27183,22,Self-Employed,Married,3,1
7742.817573,27,358,54156.34265,52,Unemployed,Single,1,0
5055.423305,29,666,56301.20993,47,Employed,Married,0,1
4359.200847,39,475,48113.88935,45,Unemployed,Married,1,0
3307.65919,56,783,55968.13016,35,Unemployed,Divorced,0,1
4133.142161,48,412,57350.81504,41,Unemployed,Divorced,3,0
2325.930992,57,584,63912.12785,43,Employed,Married,1,1
5418.344341,64,556,61893.49607,25,Employed,Married,3,1
2151.357397,58,588,54418.18121,48,Self-Employed,Single,2,1
3893.046295,22,763,25389.25501,16,Self-Employed,Married,4,1
5149.597288,27,335,79109.66197,55,Self-Employed,Divorced,0,1
3988.760333,56,411,79819.59601,18,Employed,Married,3,0
7104.815568,33,741,74456.01684,12,Unemployed,Single,0,1
6942.800815,41,751,39337.44756,46,Self-Employed,Married,2,0
5153.663076,52,409,47644.85637,45,Employed,Divorced,1,0
4129.99845,67,653,63589.30736,46,Employed,Married,3,0
6105.988796,69,530,47817.30706,58,Self-Employed,Married,3,1
5533.432612,67,578,49788.15062,54,Self-Employed,Single,2,1
5017.978817,39,565,51688.37586,23,Employed,Divorced,4,0
6282.205505,31,561,32699.72557,35,Self-Employed,Divorced,4,1
4644.585685,50,679,58927.10756,47,Self-Employed,Married,3,0
6392.555223,26,690,57561.88322,14,Employed,Married,0,1
2622.549807,29,361,47638.4443,28,Self-Employed,Single,0,1
4336.606289,51,824,41727.82902,48,Employed,Married,3,1
5060.152276,23,835,92561.78851,55,Employed,Single,4,0
2784.169656,58,543,22516.60502,23,Employed,Divorced,1,1
3900.150204,56,849,70493.22929,24,Employed,Divorced,1,0
934.1808815,46,343,48830.51932,20,Employed,Single,1,1
7815.835607,48,773,50247.56185,13,Employed,Divorced,4,0
6266.216527,24,475,51372.15483,38,Unemployed,Single,4,0
9425.493771,49,494,62847.05822,22,Self-Employed,Married,2,1
3946.795443,69,622,52240.67197,37,Employed,Divorced,4,0
6085.763357,48,682,54268.41403,55,Unemployed,Single,1,1
4831.040592,66,772,30061.31013,39,Unemployed,Married,4,1
7584.030031,33,366,59581.29785,48,Unemployed,Single,3,0
4646.578862,24,327,37803.48558,28,Unemployed,Married,2,0
8375.574304,30,848,33198.66963,47,Self-Employed,Divorced,0,1
2906.772915,46,730,43203.04908,28,Employed,Married,2,1
6284.240417,68,845,19334.96883,21,Unemployed,Single,1,1
4654.076526,53,407,75349.33268,15,Self-Employed,Divorced,1,1
2775.870051,24,399,64603.52467,57,Self-Employed,Single,3,1
4958.594437,42,340,13557.29523,12,Unemployed,Married,1,0
1372.956452,46,601,76842.22703,31,Self-Employed,Married,1,0
5407.043787,35,494,38938.3565,44,Self-Employed,Married,4,0
6063.748086,62,843,65470.43224,20,Self-Employed,Divorced,0,1
2965.953074,34,363,72077.60273,34,Unemployed,Single,2,1
1303.898915,65,377,38912.62385,38,Self-Employed,Married,1,1
5345.098147,66,557,69748.00735,27,Self-Employed,Married,3,0
6572.403066,60,511,44408.94472,24,Employed,Single,3,0
4857.059941,38,794,57295.89683,19,Unemployed,Divorced,3,0
6672.697541,35,536,47538.72724,59,Unemployed,Divorced,2,0
4603.542222,33,445,43941.46857,57,Employed,Married,1,0
4815.454871,63,713,44072.46011,36,Self-Employed,Divorced,4,0
6741.451757,66,463,34237.31692,23,Self-Employed,Single,0,0
3321.61504,24,557,37441.81067,30,Employed,Single,2,1
6646.510748,55,517,95766.40445,31,Self-Employed,Divorced,3,1
6403.504724,55,389,30577.23512,45,Self-Employed,Married,1,1
6196.721026,51,619,47040.6189,28,Unemployed,Married,4,1
3984.010055,25,586,34760.5256,59,Self-Employed,Single,3,1
5272.276233,60,402,44686.84047,39,Self-Employed,Married,1,0
2015.770815,35,369,51997.23051,53,Employed,Divorced,2,1
6223.331073,61,446,76419.55722,29,Self-Employed,Divorced,3,1
7739.055175,56,454,80394.09231,17,Unemployed,Divorced,4,0
1594.537166,43,480,50821.00983,43,Employed,Single,4,0
3962.438047,37,389,55200.28984,31,Unemployed,Single,0,0
2530.593537,66,561,47459.48665,44,Self-Employed,Divorced,3,1
-761.9891791,34,349,65448.77336,17,Unemployed,Divorced,0,1
4968.553433,56,767,23237.47335,47,Unemployed,Single,3,1
1614.630703,69,598,42747.56655,43,Employed,Married,1,0
3760.730693,23,798,29044.22895,29,Unemployed,Single,0,0
6748.650337,40,445,57912.07312,20,Employed,Divorced,0,0
8439.038019,63,418,38765.23522,45,Employed,Single,2,1
5068.580178,47,562,68197.09059,25,Self-Employed,Divorced,2,1
3303.131378,64,576,52441.77433,39,Unemployed,Divorced,3,1
5537.662727,28,599,76642.46951,49,Employed,Single,4,1
1517.245596,38,537,53685.82551,12,Unemployed,Divorced,4,0
5252.98598,52,838,48642.46372,48,Self-Employed,Married,3,1
4690.411807,33,796,26979.84587,55,Self-Employed,Single,0,0
6613.88178,39,782,66308.78177,21,Self-Employed,Single,1,0
3217.378731,54,674,31993.10114,57,Unemployed,Divorced,4,0
4870.886437,28,532,44464.48037,50,Unemployed,Married,0,1
4727.47341,45,726,51344.17137,42,Employed,Single,1,1
4652.212314,34,778,32873.88036,16,Self-Employed,Divorced,1,1
7643.266122,59,434,75823.34198,42,Employed,Divorced,0,1
1862.875177,26,397,41018.8125,37,Employed,Divorced,2,0
3842.72178,66,664,30236.67533,24,Employed,Divorced,1,1
5872.01222,58,676,66525.36388,22,Unemployed,Single,3,1
3494.182392,38,535,53799.0057,17,Unemployed,Divorced,4,0
3151.795579,64,356,82944.04048,58,Self-Employed,Divorced,2,1
125.8937362,56,372,60321.81098,47,Unemployed,Married,2,0
1823.818987,61,753,46090.72435,29,Unemployed,Married,3,0
3143.978999,23,357,50870.05627,31,Self-Employed,Married,0,1
3893.666959,30,475,45213.88577,42,Self-Employed,Divorced,0,0
4574.898416,22,825,49495.64941,22,Employed,Single,0,0
3533.020332,39,754,30466.61709,45,Self-Employed,Divorced,3,0
5741.457851,67,478,63488.67764,37,Self-Employed,Divorced,2,1
7061.805192,38,476,28170.21309,59,Unemployed,Divorced,0,0
5607.986672,21,442,33277.08415,36,Unemployed,Single,0,1
6146.193629,61,781,61389.57946,58,Self-Employed,Married,1,0
2562.824471,24,442,75864.98309,12,Unemployed,Divorced,3,1
3457.058209,39,628,54036.07072,24,Unemployed,Married,3,1
4294.981598,55,740,72980.41592,25,Employed,Married,0,0
11874.89789,25,486,48143.34461,37,Self-Employed,Single,2,1
5715.401079,30,422,51610.092,23,Employed,Single,3,0
5449.267723,50,625,56491.73201,15,Self-Employed,Divorced,0,1
5634.639106,53,666,73127.95307,40,Unemployed,Single,0,0
4575.496453,43,435,34545.61254,28,Self-Employed,Divorced,4,1
4372.851591,42,585,43676.68215,54,Employed,Divorced,3,0
8259.471486,21,479,57400.28606,43,Unemployed,Married,1,0
5346.849773,23,397,71069.26261,46,Employed,Single,3,1
5228.979786,47,474,32912.63518,41,Employed,Married,3,0
5176.126713,42,506,64192.6911,58,Self-Employed,Single,1,0
5607.907075,43,546,39817.72763,36,Self-Employed,Married,4,1
4241.004751,35,328,67733.65883,24,Self-Employed,Single,4,0
3219.250797,38,789,41990.52089,34,Unemployed,Single,4,1
6777.03859,54,765,72329.59716,21,Employed,Divorced,1,0
6715.740444,51,638,69803.08529,19,Employed,Divorced,4,1
6536.817465,61,360,31223.27384,21,Self-Employed,Single,3,1
6207.192568,26,658,29627.36194,49,Self-Employed,Single,3,1
5517.329467,43,598,55058.95747,23,Self-Employed,Divorced,3,1
1099.862049,33,378,76036.91297,18,Employed,Single,0,0
3720.309082,53,565,44341.61581,46,Self-Employed,Divorced,0,1
4173.394524,58,721,48954.4765,24,Unemployed,Married,0,0
5463.120913,46,504,73703.87877,29,Employed,Married,0,0
3540.003985,35,573,39443.47345,39,Self-Employed,Single,4,1
8235.928295,43,365,46224.66019,51,Self-Employed,Married,3,0
1965.946023,29,419,25770.38063,57,Self-Employed,Married,2,1
5912.005527,60,381,62859.31403,37,Unemployed,Divorced,3,0
3279.480479,30,768,50549.42535,52,Employed,Single,4,1
2881.887027,62,354,32967.48613,38,Self-Employed,Single,2,0
3515.248488,28,690,45059.24853,48,Unemployed,Divorced,4,1
4627.212805,66,753,72402.42111,25,Employed,Single,3,1
4346.565658,29,493,60328.17502,18,Unemployed,Single,1,1
6608.651413,39,628,57913.69056,53,Unemployed,Divorced,2,0
5415.952598,66,578,32151.74651,37,Employed,Single,4,0
4923.725916,65,571,63776.37116,41,Unemployed,Married,0,1
6840.552306,48,545,53826.8378,27,Self-Employed,Single,4,0
3912.259431,40,544,50249.33955,41,Employed,Married,2,0
8736.513931,56,810,48568.86094,29,Self-Employed,Single,0,1
8538.699918,35,843,36003.2527,19,Self-Employed,Married,4,1
4100.119671,26,769,64198.72339,12,Employed,Single,3,0
2320.51877,36,365,51827.50591,18,Self-Employed,Divorced,3,0
6896.880881,65,332,48369.68859,32,Self-Employed,Divorced,3,0
8055.671006,60,538,56638.93233,20,Unemployed,Single,1,0
4486.129479,69,416,53134.4956,58,Unemployed,Married,1,1
2210.229124,62,490,51965.03473,22,Self-Employed,Married,2,1
5165.448568,55,479,67392.83379,44,Employed,Married,3,1
4479.614446,37,546,28247.62592,53,Employed,Single,3,1
5889.614714,69,819,27541.23272,27,Unemployed,Divorced,1,1
6774.595807,58,751,66846.59119,30,Self-Employed,Single,1,0
2394.764604,51,608,31106.19368,59,Employed,Divorced,1,1
4666.34865,60,537,49620.72404,45,Unemployed,Single,1,0
1588.356749,57,422,29626.15479,23,Employed,Single,4,0
4559.262505,45,751,27211.37593,40,Employed,Divorced,2,0
6092.552514,48,349,34595.57384,42,Unemployed,Married,3,1
6640.01742,65,834,63488.30444,35,Self-Employed,Married,2,0
4392.740914,44,804,46926.56748,35,Self-Employed,Divorced,1,1
8483.502191,45,668,43591.1519,26,Employed,Divorced,4,1
6752.072667,29,817,52096.29891,44,Employed,Single,1,0
6590.234786,64,354,17685.69888,49,Employed,Divorced,3,1
4216.885282,37,631,73367.33736,14,Self-Employed,Married,2,0
2747.700345,24,758,72799.48173,14,Self-Employed,Divorced,2,0
8522.03497,37,639,71396.13502,21,Self-Employed,Single,0,1
7001.115814,33,780,45247.86725,16,Unemployed,Divorced,0,1
760.1090014,54,730,11160.71795,53,Employed,Single,3,0
8816.317791,58,788,34879.60866,28,Employed,Single,2,0
2895.043904,38,733,42500.16856,18,Employed,Divorced,1,1
5162.646201,68,807,56468.61196,49,Self-Employed,Divorced,2,0
6894.165359,53,409,59734.08738,18,Employed,Single,3,1
3932.566521,46,528,67315.9969,29,Employed,Married,4,1
5027.192918,43,340,58783.5484,21,Self-Employed,Married,2,1
2123.239126,22,300,30128.14759,30,Unemployed,Divorced,4,0
7026.539554,37,551,60400.57796,24,Unemployed,Married,0,1
4238.750356,32,816,55827.99512,35,Self-Employed,Single,3,0
5611.272891,23,740,45762.2868,13,Self-Employed,Divorced,1,0
7379.956444,65,511,43982.98476,33,Unemployed,Divorced,3,0
5962.989514,42,793,39945.76657,59,Employed,Divorced,4,0
6670.486158,35,447,36882.57521,15,Unemployed,Divorced,1,0
7452.194083,21,766,40004.56352,42,Unemployed,Married,1,1
8443.385659,50,397,20668.4463,29,Employed,Divorced,2,0
4577.244781,64,483,51513.93475,24,Self-Employed,Single,3,1
2568.03409,30,601,69860.38169,54,Unemployed,Single,0,1
6279.452801,27,654,40489.75038,30,Self-Employed,Single,1,0
2504.979812,51,436,87871.2922,21,Unemployed,Divorced,0,1
5062.753918,53,355,44246.18213,36,Unemployed,Single,0,1
6111.537989,23,555,53000.55454,35,Employed,Divorced,4,0
8112.601692,36,386,18842.95738,54,Employed,Divorced,4,1
7568.165391,54,354,58815.37857,15,Unemployed,Married,4,1
3949.484698,22,524,64122.25816,24,Self-Employed,Single,4,1
9904.707598,44,304,63454.76551,47,Unemployed,Married,1,0
1587.345856,41,347,30992.27789,51,Employed,Married,3,0
5900.120348,69,399,61116.70764,34,Unemployed,Divorced,2,0
2915.719383,56,306,64031.1265,38,Self-Employed,Divorced,0,1
2046.511134,69,445,66344.55154,36,Employed,Divorced,4,1
3962.597171,24,311,51958.82923,58,Unemployed,Married,3,1
4964.895148,69,635,30370.77885,49,Employed,Single,0,0
8902.042446,35,826,27330.62747,58,Employed,Divorced,1,0
5736.195432,67,781,17859.48511,34,Employed,Married,4,1
3047.401451,23,577,20605.69377,22,Employed,Divorced,0,0
5708.617064,39,564,63471.97978,43,Self-Employed,Married,3,0
3722.09828,64,737,49787.94386,12,Self-Employed,Married,1,1
4506.563191,54,543,62291.91875,55,Employed,Divorced,1,1
3977.589738,35,761,41282.10268,14,Self-Employed,Married,4,0
4339.704217,67,402,20309.26275,25,Employed,Married,3,1
2099.645514,64,849,65746.23086,56,Unemployed,Married,4,0
4952.0343,36,448,83230.16643,34,Self-Employed,Single,4,0
-824.4737543,44,713,49546.60054,19,Self-Employed,Married,3,1
4209.626774,29,663,38017.24037,30,Employed,Single,2,0
6193.499134,48,351,65411.36149,30,Unemployed,Married,1,0
1343.294888,24,329,27656.41557,23,Employed,Divorced,1,0
-727.888961,46,612,59084.35138,37,Self-Employed,Divorced,1,1
6384.942496,21,526,30301.19878,33,Unemployed,Married,3,1
7418.606032,66,388,50411.63603,50,Employed,Divorced,3,0
6330.791766,40,689,62730.98055,20,Employed,Single,3,1
3769.865432,43,342,41773.21116,47,Unemployed,Single,1,1
4756.2147,34,559,46141.1389,28,Employed,Single,4,0
5827.882354,49,425,41940.08878,38,Unemployed,Single,0,1
2709.475079,40,810,79026.44864,57,Unemployed,Married,3,0
4916.243776,21,382,68105.6447,15,Employed,Married,0,0
5703.917059,59,572,33632.33069,23,Employed,Divorced,0,0
-20.02087953,39,676,78924.27084,50,Employed,Married,4,1
4760.794271,54,754,29732.14114,36,Employed,Single,2,1
5866.898455,44,757,71497.81432,25,Self-Employed,Married,4,0
4140.70345,47,819,40055.37535,18,Employed,Divorced,2,0
4491.883817,55,584,50103.93083,46,Employed,Single,0,0
3377.853177,28,675,13319.18615,58,Self-Employed,Married,3,1
1735.894024,45,676,15682.31154,51,Employed,Married,4,1
3248.931293,21,373,41439.10673,49,Employed,Single,2,1
5703.819468,29,779,86844.89464,59,Unemployed,Single,0,1
7151.381913,53,604,22824.19054,31,Unemployed,Married,2,1
5914.518866,35,508,44048.35357,36,Employed,Single,0,0
6645.649721,50,685,60833.51114,44,Unemployed,Married,2,0
4028.804742,54,429,26816.8101,16,Unemployed,Divorced,2,0
3040.564766,25,409,75300.80639,34,Self-Employed,Single,2,0
4699.429744,59,369,22729.26634,48,Employed,Married,4,0
8911.107892,38,363,68225.52234,53,Self-Employed,Divorced,2,0
3837.80476,55,319,25742.11499,52,Self-Employed,Single,0,1
5883.31764,28,468,24099.34044,24,Unemployed,Single,0,1
1995.20287,40,712,40031.0982,29,Employed,Divorced,4,0
1654.117372,29,507,31872.50664,38,Unemployed,Married,1,0
6792.054028,41,511,60135.63806,23,Unemployed,Single,1,1
4067.111413,48,701,47930.56413,15,Employed,Single,4,1
6673.298483,68,821,64614.70166,50,Self-Employed,Married,4,1
3477.807482,30,842,60163.75088,31,Employed,Single,4,1
5693.76917,58,784,38153.13325,49,Unemployed,Married,3,1
4085.072955,43,484,32175.91523,18,Unemployed,Married,4,1
7015.544488,50,636,59941.6011,37,Unemployed,Divorced,2,0
2092.425521,44,603,70339.35604,37,Self-Employed,Single,0,1
1549.036718,39,438,47893.70173,22,Unemployed,Single,0,1
4392.951773,47,601,53237.18696,58,Unemployed,Single,3,0
1937.500803,29,721,29260.8782,37,Self-Employed,Married,4,0
6772.333045,37,469,67121.21378,31,Employed,Single,3,1
4996.831937,54,835,55018.56903,30,Self-Employed,Married,2,0
2962.225782,22,457,43677.53944,26,Self-Employed,Single,2,1
6288.519933,61,471,58626.9536,48,Unemployed,Married,0,1
4411.437328,59,506,58927.92118,50,Unemployed,Divorced,0,1
7896.223021,25,506,75437.76686,48,Employed,Married,0,1
5307.123387,21,820,55446.21757,28,Employed,Married,4,0
4970.335276,46,387,31971.57924,29,Employed,Divorced,1,1
7981.954473,64,803,52671.40885,51,Unemployed,Divorced,4,1
5822.84522,30,426,67909.62197,20,Employed,Single,4,1
3356.320404,62,504,61205.5276,22,Employed,Single,3,1
5247.494925,38,616,31642.75688,33,Unemployed,Divorced,2,0
1671.738606,60,474,50568.10954,33,Unemployed,Divorced,2,1
8183.912098,42,388,55541.04589,40,Self-Employed,Single,1,1
9540.438098,24,473,35428.3261,23,Employed,Divorced,4,0
4532.830965,51,518,46967.5277,32,Unemployed,Married,4,1
4746.263287,64,358,68286.04082,12,Employed,Married,1,1
6749.296405,40,789,38508.62118,47,Employed,Married,1,0
5206.999916,56,351,48439.3884,43,Self-Employed,Single,4,1
6886.37424,38,742,53922.2512,43,Self-Employed,Divorced,0,0
5390.274771,26,387,54008.53289,56,Self-Employed,Married,0,0
5016.076755,51,343,38622.80716,44,Employed,Divorced,2,0
2991.506426,66,622,30376.4,29,Employed,Divorced,3,1
5365.219413,55,301,81447.19713,29,Self-Employed,Married,1,0
7889.329496,40,523,53079.03933,29,Self-Employed,Divorced,1,1
5428.666136,34,650,76263.68908,18,Self-Employed,Single,3,0
5595.799018,46,732,38515.34633,38,Unemployed,Single,2,1
8791.716569,52,809,39730.32703,35,Unemployed,Divorced,2,1
4193.660751,46,480,37484.47411,31,Unemployed,Married,3,1
5487.710059,43,758,48567.1315,54,Employed,Married,3,0
3408.423404,33,346,60978.22312,57,Self-Employed,Divorced,2,0
3917.690572,38,471,67811.09202,14,Employed,Single,4,1
4574.967863,42,427,48727.63648,42,Self-Employed,Single,3,0
5136.803939,47,782,81436.1103,52,Self-Employed,Married,0,1
4837.245933,40,351,27444.21169,31,Employed,Single,3,1
6539.118972,21,633,39818.81001,22,Unemployed,Single,4,0
5495.315201,31,598,50657.18807,29,Employed,Married,0,0
2785.928899,31,592,47036.74023,30,Unemployed,Divorced,0,1
5820.906169,51,459,57715.13496,22,Unemployed,Divorced,4,0
5671.231767,30,584,41389.98031,39,Unemployed,Divorced,4,1
3533.653756,61,319,83309.13691,19,Self-Employed,Married,0,1
3620.865835,42,413,34999.46178,55,Unemployed,Single,2,1
2815.009118,42,684,13049.41958,35,Unemployed,Single,1,1
5437.568053,69,787,35639.83738,43,Self-Employed,Married,2,1
3034.441636,50,318,51415.07031,36,Employed,Single,4,1
3236.139898,65,749,26145.4611,53,Self-Employed,Divorced,3,0
5937.826255,36,804,62785.91201,24,Unemployed,Divorced,1,0
4959.894976,22,493,65017.48632,52,Self-Employed,Single,3,0
8423.543525,35,807,52507.27933,18,Unemployed,Married,1,1
3688.777189,43,812,57179.32054,39,Self-Employed,Married,4,0
5255.581755,22,829,61896.50618,33,Employed,Single,3,0
8102.808565,36,367,53946.02246,21,Employed,Divorced,2,0
7320.690239,26,752,58463.26878,27,Unemployed,Married,2,0
5424.57664,64,593,27076.3671,31,Unemployed,Single,2,0
7198.28071,44,449,56881.67269,28,Self-Employed,Married,1,0
7312.52516,47,720,52675.1268,55,Unemployed,Single,2,0
5450.244355,28,743,37625.52925,54,Self-Employed,Single,2,1
6143.917205,58,334,58719.08792,26,Unemployed,Married,2,1
5176.280106,54,545,65826.02011,57,Employed,Married,2,0
4680.260799,61,550,57806.60538,58,Unemployed,Divorced,4,0
1818.169278,41,632,40643.68701,48,Employed,Married,4,1
4659.897658,65,784,38213.93293,20,Unemployed,Divorced,1,1
4389.31456,31,570,1211.731566,15,Employed,Married,1,0
4010.837569,52,784,61465.47937,42,Self-Employed,Divorced,0,0
5403.310285,54,722,81449.48013,17,Self-Employed,Single,3,1
6227.928011,30,638,45510.96211,47,Employed,Married,2,0
6831.514424,56,838,23300.32462,18,Self-Employed,Single,4,0
5320.290989,36,424,49866.87224,40,Self-Employed,Divorced,1,1
3344.485229,26,443,37294.87862,35,Employed,Single,0,0
5976.457918,46,712,52456.06555,44,Employed,Married,2,0
5056.679016,39,805,39622.10425,46,Employed,Single,4,1
6194.22006,53,839,29724.61038,20,Employed,Single,1,1
4963.239908,60,439,42543.24658,50,Unemployed,Divorced,3,1
4365.582472,60,323,73120.02571,28,Employed,Divorced,1,1
3142.950827,30,356,25891.16088,48,Unemployed,Single,1,0
5604.424891,48,616,61022.71043,26,Self-Employed,Single,1,1
3892.209611,22,347,70861.09043,45,Unemployed,Married,4,0
3209.50061,36,531,63260.59306,40,Self-Employed,Divorced,1,0
3389.529447,47,627,51293.57379,34,Employed,Divorced,4,1
7675.187516,32,585,64857.44638,41,Self-Employed,Single,4,1
4413.788072,48,750,57677.47409,46,Self-Employed,Divorced,1,1
3368.525126,44,407,51111.04642,34,Unemployed,Single,2,0
2231.059213,54,320,59053.85757,53,Employed,Divorced,3,1
7328.309202,58,475,34109.43621,56,Self-Employed,Married,0,1
7195.06395,58,623,2587.18754,23,Unemployed,Married,3,1
5138.659832,46,396,66617.64309,58,Self-Employed,Single,4,1
4267.752328,32,485,67199.4606,23,Employed,Single,1,0
5425.874294,45,676,66568.25459,25,Self-Employed,Divorced,4,1
5913.33443,65,513,35835.80839,18,Self-Employed,Single,3,0
2973.240531,59,748,46109.04487,47,Unemployed,Married,4,1
-1134.557008,63,780,27240.85279,39,Employed,Single,2,1
7276.397356,48,465,55685.65386,13,Self-Employed,Divorced,4,0
5940.550681,66,739,49162.18526,45,Self-Employed,Divorced,4,0
6496.845473,26,344,73588.95163,21,Employed,Single,3,1
3540.038043,59,411,83602.15544,53,Unemployed,Single,3,1
2206.315115,24,516,30566.57823,25,Employed,Married,4,1
10016.60241,49,630,37246.93092,47,Employed,Single,2,0
6565.188557,55,553,45689.72033,48,Self-Employed,Married,1,1
2594.055011,36,434,21520.85748,50,Employed,Divorced,3,1
1714.961966,25,807,55182.50952,42,Unemployed,Single,3,1
2778.97692,21,617,54793.01777,43,Employed,Single,2,0
6956.424946,62,400,40190.70374,21,Self-Employed,Single,4,0
5841.477689,30,666,47278.00852,55,Employed,Single,1,1
5697.150923,54,767,50437.16226,31,Employed,Divorced,2,1
4790.508557,66,514,40886.35932,35,Self-Employed,Married,1,1
8616.680157,65,489,38402.59173,29,Unemployed,Divorced,0,1
4370.300864,68,449,55102.11298,58,Unemployed,Married,3,0
3798.91828,24,799,47294.65811,47,Unemployed,Married,4,1
5398.806981,25,673,76624.1259,46,Employed,Married,1,1
1995.863663,69,480,45504.17364,56,Employed,Single,2,0
4113.054021,45,733,51042.28163,26,Unemployed,Single,3,0
5289.050818,63,571,55629.04251,56,Self-Employed,Divorced,0,1
7616.958851,26,848,32478.71257,57,Self-Employed,Divorced,0,0
3749.355534,61,591,70002.61715,30,Unemployed,Single,2,1
7437.36515,57,384,34784.46285,38,Self-Employed,Single,1,1
6063.781617,63,533,47355.98925,12,Self-Employed,Divorced,3,0
5758.68952,58,413,51629.43075,27,Self-Employed,Single,1,1
5243.397494,48,551,32784.05326,43,Employed,Married,4,0
7635.096501,51,726,55328.54822,58,Unemployed,Married,1,0
5979.964747,47,333,64448.10969,15,Unemployed,Divorced,0,0
3793.241194,47,367,54931.31687,30,Self-Employed,Divorced,1,0
6151.539393,69,540,54131.27352,30,Employed,Divorced,3,1
5182.18449,26,784,43319.36308,48,Employed,Single,2,1
3602.419056,24,775,49302.39391,22,Self-Employed,Married,4,0
8963.684471,69,581,52320.40163,49,Employed,Single,1,1
6902.169383,28,602,66985.71712,18,Self-Employed,Single,1,0
2309.918545,29,497,28725.51731,36,Unemployed,Divorced,3,1
6847.72656,52,543,43344.27541,41,Self-Employed,Married,1,0
3486.00854,59,623,47684.4711,17,Employed,Divorced,4,1
4724.185619,24,372,43529.33717,59,Self-Employed,Single,1,0
4696.856258,68,348,52103.57181,30,Self-Employed,Single,0,1
5664.522424,66,601,82397.19471,33,Unemployed,Divorced,0,0
4700.620071,42,499,65431.11498,55,Self-Employed,Married,3,1
6744.055912,35,812,53644.9259,29,Employed,Single,2,1
4344.955478,47,577,28028.32998,15,Unemployed,Single,3,1
6909.165711,26,805,85476.01564,52,Employed,Single,2,1
9277.895897,35,328,53447.46288,17,Employed,Single,1,0
4471.588044,44,782,64685.83519,30,Employed,Divorced,0,1
2427.204375,40,576,28971.79127,16,Employed,Married,3,1
4835.216085,62,434,71954.24472,56,Self-Employed,Divorced,3,0
7516.187951,69,387,67463.95242,29,Self-Employed,Single,4,1
4157.254617,32,643,41599.59991,23,Unemployed,Divorced,3,1
5442.949676,46,378,43595.64239,49,Unemployed,Divorced,1,0
5391.227223,52,333,23990.81469,20,Self-Employed,Divorced,3,1
7214.422174,43,697,65032.90008,20,Unemployed,Single,4,1
5655.569403,39,746,60512.00608,17,Self-Employed,Married,0,1
6317.397099,43,375,44454.49041,20,Unemployed,Divorced,2,0
7319.519536,53,649,84096.21164,38,Employed,Single,0,1
4351.98015,21,421,61651.87302,19,Self-Employed,Divorced,0,1
3385.494358,47,303,60830.28607,15,Self-Employed,Married,3,1
4588.55351,24,695,58796.89845,45,Employed,Divorced,4,1
7712.093702,56,828,39716.44709,35,Employed,Divorced,0,1
6782.475307,51,798,44371.77264,50,Employed,Divorced,2,0
2730.538285,56,630,44972.85766,44,Employed,Married,0,1
4630.806948,22,762,47312.26001,49,Self-Employed,Single,1,1
5154.693267,32,304,49038.02402,20,Employed,Single,4,1
1226.087955,36,377,54926.65775,34,Unemployed,Single,3,0
8796.769397,64,525,63891.19191,30,Unemployed,Divorced,2,1
4804.245503,63,593,35381.0451,30,Self-Employed,Single,1,1
5474.855744,34,770,63185.16311,59,Self-Employed,Married,2,1
4216.37287,58,550,41852.54697,57,Unemployed,Married,2,0
2345.677426,44,727,30756.00185,27,Self-Employed,Married,2,1
4372.035085,52,477,40832.04056,48,Self-Employed,Single,0,0
4866.089593,57,435,31837.46194,38,Self-Employed,Married,1,0
8118.274033,38,809,51131.0306,33,Employed,Married,1,0
4165.154373,51,820,51454.55497,48,Unemployed,Divorced,0,0
6555.729058,61,588,43883.84173,25,Employed,Married,3,1
4316.604694,43,434,60297.02957,56,Unemployed,Divorced,3,0
1100.614805,40,500,44931.45822,25,Self-Employed,Divorced,2,0
4519.98821,43,676,39275.94374,39,Unemployed,Divorced,1,0
3954.555395,41,343,49727.11483,57,Unemployed,Single,3,0
4037.218139,62,559,39773.23251,45,Self-Employed,Single,3,1
4608.89148,30,449,68951.09356,43,Unemployed,Married,3,0
5050.525076,36,720,61760.96569,50,Self-Employed,Single,0,1
5368.04279,26,440,63590.72835,40,Employed,Divorced,3,0
9581.8956,39,486,39142.36207,31,Self-Employed,Divorced,3,1
3958.129859,51,645,62299.02445,45,Employed,Single,3,0
3077.430382,38,481,31304.84791,12,Self-Employed,Married,2,1
7926.152726,51,381,26919.27891,21,Unemployed,Divorced,0,1
5469.623414,69,719,60191.77318,36,Unemployed,Divorced,3,0
4942.092626,40,760,60380.29432,57,Employed,Divorced,2,1
6547.356304,65,633,42633.25874,31,Unemployed,Divorced,2,0
4169.037227,29,694,38804.35627,37,Unemployed,Single,1,1
6166.7968,26,511,59030.50171,12,Unemployed,Married,0,1
6939.243233,61,760,44593.34138,44,Employed,Single,3,0
6143.070057,69,408,65525.36261,21,Employed,Single,1,1
4245.517624,33,660,45742.86833,53,Self-Employed,Single,2,0
4739.075887,63,770,64445.81421,49,Self-Employed,Divorced,2,1
5387.577604,29,309,68009.12379,38,Self-Employed,Married,1,1
3404.7544,63,491,44174.78839,28,Self-Employed,Divorced,3,1
3974.310293,46,745,25616.68851,16,Self-Employed,Single,2,1
5039.18858,51,730,49127.55193,46,Unemployed,Single,2,1
2946.793076,31,629,57275.89943,27,Employed,Married,0,1
3875.085423,41,360,30814.0812,51,Self-Employed,Divorced,2,0
6592.517988,46,388,47106.47182,25,Self-Employed,Married,1,0
5985.849446,56,564,37520.51773,55,Unemployed,Single,1,1
7285.603321,69,830,46084.01044,52,Employed,Single,2,0
4417.122439,58,429,55398.71797,38,Self-Employed,Married,2,1
6873.053862,66,388,57334.18491,53,Self-Employed,Married,2,0
4077.481744,46,356,68404.84277,12,Employed,Divorced,3,1
4047.520932,37,339,43467.11313,22,Unemployed,Divorced,1,1
5718.36608,46,397,35000.07767,32,Unemployed,Single,1,1
5527.896031,50,516,63872.9005,12,Unemployed,Single,3,0
4140.045922,46,756,32791.18461,16,Self-Employed,Married,4,1
6149.641702,47,464,51771.35416,51,Employed,Married,0,1
6001.760559,34,617,73125.54482,14,Unemployed,Single,4,0
4589.289763,48,605,41889.23783,44,Unemployed,Single,0,1
7055.740673,58,469,52605.1393,42,Employed,Single,1,1
4555.263606,30,449,75928.18266,31,Unemployed,Married,1,1
8108.942487,39,333,57762.54322,43,Self-Employed,Single,0,1
4371.410219,48,646,42821.46992,20,Employed,Single,1,1
5502.943035,31,713,39478.89836,54,Self-Employed,Divorced,1,0
4123.150474,27,670,22363.66643,59,Unemployed,Single,1,1
6176.539875,44,685,18629.38991,35,Self-Employed,Divorced,2,1
5483.210957,27,338,53775.3637,39,Self-Employed,Divorced,2,1
3773.110201,68,542,33434.7343,15,Self-Employed,Married,1,1
4473.631281,67,488,55447.49792,51,Self-Employed,Divorced,1,0
4809.015285,39,311,38373.68701,26,Employed,Divorced,4,0
6202.439644,55,340,56944.22564,45,Employed,Divorced,4,0
4873.376431,51,488,35374.4002,50,Self-Employed,Married,3,0
5305.871062,56,654,57097.74136,50,Employed,Single,1,0
5797.457601,51,467,48742.71793,59,Unemployed,Single,4,1
7578.470791,33,395,65469.06298,58,Unemployed,Married,4,0
5362.349577,67,453,59199.33704,49,Employed,Married,3,1
2266.862172,53,712,56422.00354,15,Self-Employed,Divorced,4,1
3888.259517,27,502,53456.93662,23,Self-Employed,Divorced,0,1
5630.591426,41,803,43793.58138,17,Unemployed,Single,0,0
7792.84353,39,375,52156.78043,14,Employed,Divorced,0,0
3254.254608,61,838,73020.34504,38,Unemployed,Married,4,0
6522.401682,69,427,43260.49561,38,Self-Employed,Single,2,1
5402.297447,56,600,46641.03429,16,Employed,Divorced,2,0
3475.406084,60,550,50217.58748,26,Employed,Single,2,1
1024.826571,44,750,40716.13807,22,Self-Employed,Married,2,0
9397.320639,64,688,51748.78196,25,Employed,Divorced,3,0
6809.20627,36,468,49457.67214,30,Employed,Single,2,1
5495.846072,30,484,41494.43944,37,Unemployed,Divorced,0,0
6827.328445,65,491,44160.89463,40,Employed,Single,2,1
6598.709873,28,594,74578.20142,15,Self-Employed,Single,1,1
5760.31819,23,592,48777.40252,24,Employed,Single,0,0
7077.184085,29,673,58543.27822,24,Employed,Single,3,1
5182.11376,59,351,40255.22391,12,Self-Employed,Single,2,1
8439.732132,61,417,60224.02807,44,Employed,Single,3,1
7063.065867,33,343,44450.69315,29,Unemployed,Divorced,0,1
6159.284512,32,832,39066.39482,16,Self-Employed,Divorced,0,0
2808.968736,57,749,55637.38458,42,Employed,Single,3,1
4640.82429,32,832,37446.65621,12,Self-Employed,Married,3,0
7085.864452,53,452,87681.71654,37,Unemployed,Single,1,0
4510.983672,54,485,46294.70029,29,Self-Employed,Married,1,1
3939.180095,57,653,45493.92366,23,Unemployed,Married,3,0
8065.218537,67,363,38348.84453,46,Self-Employed,Single,2,1
9883.793617,43,571,36638.87067,46,Employed,Divorced,1,0
2453.978615,63,351,53407.19587,16,Unemployed,Single,1,0
4430.573439,57,397,53107.59853,20,Employed,Single,2,0
7887.730887,60,594,32752.77485,58,Unemployed,Divorced,2,1
4565.405663,27,519,49591.33886,37,Employed,Married,4,0
6265.172441,30,450,58599.84486,23,Employed,Divorced,3,0
6435.231676,56,336,57508.83972,32,Self-Employed,Married,0,1
4190.763886,29,399,35037.73561,35,Unemployed,Married,0,1
8308.202785,66,475,39621.38541,26,Employed,Divorced,3,1
5253.546391,26,400,43965.91136,50,Employed,Single,3,0
5254.833048,40,609,54521.23702,31,Self-Employed,Single,2,0
5355.305857,49,376,68016.21813,35,Self-Employed,Married,1,0
7282.285559,44,495,69717.59157,15,Employed,Divorced,3,1
7392.079426,55,425,88272.18424,42,Self-Employed,Married,3,1
2158.957117,42,568,66868.30977,14,Self-Employed,Married,2,0
4366.684392,47,305,61614.94889,48,Employed,Divorced,2,1
2214.697132,62,822,46989.09688,53,Unemployed,Married,1,0
5836.729053,52,334,61521.211,12,Employed,Married,0,0
5301.096535,48,646,41924.45094,43,Employed,Divorced,4,0
1909.022045,64,630,45645.85977,24,Unemployed,Married,3,1
4516.29676,56,316,41182.31544,45,Self-Employed,Single,4,0
7319.691575,37,769,54781.90092,58,Self-Employed,Single,1,0
8091.820006,60,510,33438.58389,34,Employed,Married,0,0
1732.013903,61,475,44649.22311,33,Self-Employed,Divorced,2,1
132.1423767,41,744,47838.86477,42,Unemployed,Single,0,0
1630.802501,61,469,61238.30156,40,Unemployed,Single,1,1
6266.687459,40,346,44041.75343,55,Employed,Married,0,1
9856.60609,29,596,58738.36239,20,Unemployed,Divorced,2,1
2460.788211,28,645,34745.73961,50,Unemployed,Married,3,1
3834.760588,47,813,44630.56981,56,Self-Employed,Single,4,0
3466.394718,68,610,64547.08529,17,Self-Employed,Single,4,0
9209.153023,63,708,56425.17428,48,Unemployed,Married,4,1
4780.56245,26,442,54176.43067,38,Employed,Single,1,0
3430.588949,33,655,65636.94104,42,Employed,Divorced,3,1
7538.279173,69,452,66342.22414,22,Unemployed,Single,3,1
3190.227374,35,590,38557.2746,15,Self-Employed,Single,0,1
8668.298947,23,393,46315.23676,54,Employed,Divorced,1,1
9702.666326,37,681,56053.71447,48,Self-Employed,Married,1,1
7656.503589,22,802,43145.21209,53,Unemployed,Single,1,1
7480.725642,45,380,41788.87688,30,Unemployed,Divorced,0,1
2432.682108,39,790,51507.65906,33,Self-Employed,Single,1,1
139.4669421,23,452,41617.28315,23,Unemployed,Divorced,1,0
3591.012786,46,728,52168.28286,33,Self-Employed,Married,0,0
6714.707066,21,434,67983.10976,26,Employed,Divorced,4,0
6130.695336,44,775,44624.22809,31,Unemployed,Divorced,3,1
3483.961379,53,676,55948.83903,48,Self-Employed,Divorced,1,0
6387.022686,60,701,41095.97766,37,Unemployed,Single,2,1
3071.843653,35,776,41170.98429,14,Unemployed,Married,4,0
7629.309278,63,349,62469.58996,44,Self-Employed,Married,1,0
5811.133193,46,839,53461.25034,24,Employed,Single,4,0
7120.152146,26,450,62912.93282,51,Self-Employed,Single,0,1
3173.322786,66,655,43599.70609,48,Self-Employed,Single,0,0
6380.819931,21,395,101471.1503,24,Self-Employed,Divorced,1,1
4122.373403,46,612,45719.6188,13,Self-Employed,Divorced,4,1
2460.734138,47,324,51877.50679,23,Self-Employed,Married,1,1
2552.267499,47,326,50360.70746,39,Employed,Divorced,3,0
8460.987429,56,720,62455.34406,36,Employed,Married,4,0
5879.638256,37,399,59208.81317,18,Employed,Single,4,1
5211.587187,38,463,82687.33843,54,Employed,Single,0,1
4706.32292,34,639,42116.56634,41,Unemployed,Divorced,0,0
6530.31087,66,460,57565.67123,51,Self-Employed,Married,2,0
3009.639186,30,551,38110.56214,43,Self-Employed,Single,1,0
3505.673482,67,673,45108.25685,39,Self-Employed,Married,0,1
6087.39804,28,500,50538.49942,56,Self-Employed,Divorced,0,0
3367.804914,34,360,44821.47362,25,Self-Employed,Divorced,3,0
8248.352225,21,579,79965.6842,29,Employed,Married,1,1
4504.808012,34,821,55741.3752,56,Employed,Divorced,0,0
4584.492964,30,477,69344.53655,50,Employed,Single,3,1
4143.131019,31,622,35146.26088,30,Employed,Divorced,1,1
4879.443561,23,824,22597.17264,24,Self-Employed,Single,4,1
3064.881625,21,605,57061.26787,43,Employed,Divorced,0,0
5002.959747,31,824,34095.97867,21,Unemployed,Divorced,3,0
643.2743375,33,737,46594.22451,44,Unemployed,Single,0,1
3215.363728,32,790,37024.22809,21,Employed,Married,4,1
6150.496548,22,698,79960.69211,47,Unemployed,Divorced,0,1
4228.806485,34,827,57245.95933,18,Self-Employed,Single,4,0
4309.940469,27,788,69815.95637,32,Self-Employed,Married,4,1
632.4862056,66,783,64507.62455,14,Self-Employed,Married,4,1
5415.111801,44,573,53236.68134,30,Employed,Divorced,1,0
4929.632209,37,778,59062.53243,59,Unemployed,Divorced,4,1
1539.165925,30,481,40570.95067,18,Unemployed,Single,1,0
3461.218381,24,310,60802.12638,23,Employed,Married,0,0
5883.010402,37,844,50140.2241,55,Unemployed,Divorced,0,0
6934.836617,66,674,71443.98616,27,Self-Employed,Divorced,4,1
6724.610476,53,797,98642.31645,58,Employed,Married,3,0
5672.95788,55,378,28507.55867,42,Unemployed,Married,1,1
8349.618307,27,686,78261.31821,51,Self-Employed,Divorced,3,1
8303.04955,67,409,61573.20636,47,Self-Employed,Single,1,0
5093.360983,62,692,46452.88171,29,Unemployed,Divorced,3,0
2609.148456,42,417,38367.07719,14,Unemployed,Married,4,0
6882.672133,24,307,54305.36892,39,Employed,Married,1,1
7792.956471,49,436,39801.56415,54,Unemployed,Married,1,1
4348.523926,53,525,51081.97651,54,Self-Employed,Married,0,1
706.9976996,46,663,59317.91443,28,Self-Employed,Single,1,0
4444.494813,31,330,33709.44004,32,Employed,Single,0,1
5622.531805,53,459,63894.36223,43,Self-Employed,Divorced,1,1
6026.83227,45,444,26509.75333,27,Unemployed,Married,3,0
5618.231465,31,611,42603.35985,18,Self-Employed,Married,1,1
7389.877645,63,346,62599.60109,32,Unemployed,Divorced,2,0
2272.950448,55,330,49582.4138,28,Employed,Divorced,4,0
3363.173353,32,622,61025.27289,44,Employed,Married,3,0
9197.327817,48,590,44462.34845,20,Employed,Divorced,0,0
4661.218199,50,316,44314.09461,52,Self-Employed,Single,2,1
2751.644106,47,757,58021.94009,30,Employed,Divorced,1,0
6050.994895,23,671,52899.18484,25,Unemployed,Single,1,0
6486.991156,24,684,51013.40948,43,Self-Employed,Married,2,1
5184.673753,59,565,88801.09293,54,Self-Employed,Married,0,1
1611.90297,35,366,75496.87003,19,Self-Employed,Married,2,0
5700.721951,57,328,58232.632,28,Unemployed,Divorced,1,0
8809.075556,55,846,29572.02349,31,Unemployed,Divorced,2,0
2877.275131,21,444,22417.70262,20,Unemployed,Married,1,0
8658.432345,44,309,70828.28059,47,Self-Employed,Single,2,1
4879.578841,31,523,17248.71383,45,Employed,Married,2,1
6739.236433,39,631,47342.04538,59,Employed,Single,4,1
11019.90394,32,549,30643.18004,53,Unemployed,Single,1,0
5.650127586,23,437,62987.9384,56,Self-Employed,Married,4,1
6974.619597,58,844,48574.98512,40,Employed,Divorced,1,1
4046.732101,65,563,33385.63193,39,Unemployed,Married,1,1
6136.327967,41,333,29856.5647,51,Unemployed,Divorced,3,0
5811.654568,54,722,80981.64679,51,Self-Employed,Married,2,0
3185.832418,38,397,49724.29337,45,Self-Employed,Divorced,2,1
6565.267025,32,704,15776.87241,16,Employed,Divorced,0,1
2932.834491,52,459,57485.4789,51,Self-Employed,Single,1,1
6092.853983,41,541,82220.96324,16,Unemployed,Divorced,2,1
6604.936421,53,524,52008.9468,24,Employed,Single,4,1
6890.475109,62,660,76329.10353,32,Self-Employed,Divorced,3,0
4155.4363,54,649,47483.27798,29,Unemployed,Divorced,1,1
4633.885014,23,534,48723.16237,52,Self-Employed,Single,3,1
6123.999346,68,775,40088.65611,41,Unemployed,Divorced,1,0
6628.111952,48,799,41494.96895,35,Unemployed,Divorced,1,1
4537.918387,62,423,38005.55303,26,Employed,Single,3,0
7343.399942,34,589,47680.18614,58,Employed,Divorced,2,0
5725.648386,24,536,50743.1769,13,Unemployed,Single,3,1
3466.25114,43,698,67736.98034,13,Employed,Divorced,3,1
6874.672481,66,395,51788.95628,18,Unemployed,Married,3,1
4011.533632,21,333,56555.82295,37,Unemployed,Single,2,0
5664.972964,55,525,42800.80003,58,Employed,Divorced,3,0
3330.447226,23,834,40138.09902,31,Unemployed,Divorced,4,1
7968.261238,42,771,24621.31081,44,Unemployed,Divorced,4,0
1617.965214,61,789,60187.59858,48,Unemployed,Divorced,4,0
2299.616252,50,603,72785.43854,56,Self-Employed,Married,0,0
3805.102238,62,815,37915.46158,34,Employed,Married,3,1
4080.889085,35,677,23864.81789,13,Employed,Single,2,1
6375.908542,45,745,41489.31008,35,Unemployed,Married,3,0
5349.601222,60,736,51804.02468,19,Unemployed,Divorced,4,1
10949.01956,28,455,60110.26554,40,Unemployed,Divorced,0,0
5140.387795,24,572,64922.10552,20,Unemployed,Divorced,4,0
7645.839706,65,652,30171.34741,41,Employed,Single,2,1
5555.414162,25,686,46447.13017,36,Self-Employed,Married,4,0
5699.880123,26,844,50196.25468,55,Self-Employed,Single,1,1
4742.907293,55,717,56216.7155,53,Unemployed,Married,2,1
3594.765918,21,312,26363.85509,17,Employed,Divorced,1,0
5545.703769,41,399,70988.51348,30,Self-Employed,Divorced,2,1
1564.168254,58,605,49628.95932,16,Unemployed,Single,1,1
11097.87203,68,427,57397.88884,43,Self-Employed,Single,1,1
4482.238525,46,392,58334.76321,23,Employed,Married,3,1
1889.985601,45,779,47565.27894,44,Self-Employed,Married,0,0
3152.960615,64,765,42204.54348,55,Self-Employed,Single,1,0
5627.595439,59,771,62392.64557,26,Employed,Divorced,1,1
4617.992898,61,763,52143.48495,18,Employed,Single,0,1
3955.722629,41,329,52263.8664,32,Self-Employed,Divorced,3,0
6169.710788,59,681,58305.6943,43,Unemployed,Married,3,0
5315.286921,24,674,62326.11711,59,Self-Employed,Divorced,4,1
6123.732701,21,476,63235.37864,14,Self-Employed,Single,4,0
4180.372076,37,592,53280.14473,47,Employed,Married,1,0
929.1587973,23,415,34187.54592,35,Employed,Single,0,0
1870.880338,43,450,42317.46851,37,Self-Employed,Single,4,1
4069.222331,51,644,16860.3111,32,Employed,Divorced,0,0
3677.950025,47,806,35369.57008,24,Self-Employed,Single,4,1
7682.474993,41,504,51529.67983,54,Unemployed,Single,0,0
3575.467921,50,847,46717.49581,43,Self-Employed,Married,1,0
6448.353506,32,745,56458.93179,27,Self-Employed,Single,4,0
2391.636314,60,711,44417.58673,54,Unemployed,Married,4,0
3625.236506,30,802,34745.03371,29,Self-Employed,Married,0,1
6607.456987,36,770,34860.68598,49,Self-Employed,Married,2,1
5010.296974,64,486,55677.01276,31,Self-Employed,Divorced,3,0
1342.838119,47,537,44332.80742,39,Unemployed,Divorced,1,1
6183.317458,51,605,49753.15445,57,Unemployed,Divorced,1,0
5575.453944,45,834,76402.93289,48,Self-Employed,Married,4,0
4879.089906,40,811,19950.17554,18,Unemployed,Married,3,1
6951.394915,34,448,55575.38891,47,Unemployed,Married,1,1
6940.224008,54,357,40806.40077,47,Employed,Divorced,0,0
6368.425973,27,307,69142.04469,43,Employed,Married,4,1
4240.482729,37,722,76964.83788,37,Self-Employed,Married,3,1
5214.253675,67,338,61829.91748,29,Self-Employed,Single,0,0
5879.635244,28,456,43047.92478,53,Employed,Married,4,1
6764.454031,32,342,76683.40926,26,Unemployed,Single,3,0
3450.81776,44,409,26873.96774,17,Self-Employed,Married,1,1
5966.962935,40,736,50410.95868,36,Unemployed,Married,3,1
7963.299662,37,603,54139.27096,55,Self-Employed,Divorced,3,0
6095.547785,49,754,63769.64053,13,Unemployed,Single,4,1
7084.518403,40,670,56167.00393,17,Unemployed,Married,2,1
7713.172285,38,421,34159.43946,20,Employed,Single,1,0
4802.983782,69,805,65274.53236,45,Self-Employed,Divorced,0,1
3372.572738,69,324,46014.44713,28,Self-Employed,Single,1,0
4694.338459,66,546,36258.15141,52,Self-Employed,Divorced,3,0
5915.421641,59,331,71238.11081,36,Employed,Single,2,0
2625.803921,55,809,38463.54752,58,Employed,Married,0,1
2053.935255,57,767,57933.51116,21,Unemployed,Married,2,1
8896.63409,38,451,22906.73163,50,Employed,Divorced,1,1
4981.809778,41,419,36615.41943,24,Employed,Single,1,0
6096.31807,32,516,62265.64577,14,Unemployed,Single,1,0
6116.895583,55,809,63776.44057,37,Self-Employed,Married,2,1
7809.112631,29,321,60301.69073,12,Unemployed,Divorced,3,0
4685.010383,45,774,43343.79267,55,Employed,Married,0,1
3270.478589,22,758,46824.10036,32,Self-Employed,Divorced,4,0
5310.103922,66,350,47756.60997,19,Unemployed,Divorced,2,0
4831.59943,60,642,54029.99332,51,Self-Employed,Married,2,0
4114.009614,36,307,42087.67766,55,Employed,Divorced,3,0
6325.421049,53,687,39612.0854,39,Unemployed,Married,4,1
5510.652854,38,638,44918.98481,46,Unemployed,Single,2,1
5768.823863,42,711,23967.60662,24,Employed,Single,2,0
5113.510383,59,683,53238.26242,49,Employed,Single,4,1
5428.713238,68,814,78399.85744,34,Employed,Married,0,0
5431.404237,52,544,39603.80487,48,Unemployed,Married,3,1
4003.08134,47,473,45913.20711,14,Unemployed,Married,0,1
6138.966167,23,393,55195.43119,32,Employed,Divorced,4,0
2097.793169,49,591,16189.1524,38,Unemployed,Married,3,0
6252.052373,31,532,25564.10534,13,Employed,Single,2,0
6966.33709,46,832,43969.79515,20,Employed,Single,4,0
4928.306814,51,508,45059.94633,39,Employed,Single,3,1
1753.866551,50,610,39114.59995,51,Self-Employed,Single,2,1
5760.915499,50,653,56607.96537,56,Unemployed,Single,1,1
3961.366986,60,797,59677.88541,57,Unemployed,Single,0,1
3921.849765,47,310,52234.7414,13,Unemployed,Single,0,0
4009.513682,32,574,65848.55149,52,Self-Employed,Single,4,1
6006.912424,63,746,74255.19,39,Unemployed,Divorced,0,1
1487.138355,50,795,16131.80555,31,Self-Employed,Divorced,3,0
5416.373416,34,355,73395.31056,12,Self-Employed,Single,3,0
4648.43177,34,838,63067.19602,59,Self-Employed,Single,4,0
4626.244951,50,585,32103.68689,34,Self-Employed,Divorced,1,1
2653.860525,69,414,60629.85912,37,Unemployed,Divorced,4,0
2580.360152,68,846,51571.32561,54,Self-Employed,Single,3,1
5148.824992,24,488,67507.5342,45,Unemployed,Divorced,4,0
5513.165005,48,359,31412.55292,13,Employed,Single,0,0
5762.420117,32,723,38884.91564,47,Unemployed,Divorced,2,1
6465.016139,24,635,53485.03606,58,Self-Employed,Divorced,2,1
6781.466209,66,643,21889.72809,42,Self-Employed,Married,1,0
4571.853684,47,702,54611.57014,33,Unemployed,Divorced,1,1
7676.450693,34,791,68829.75367,26,Employed,Married,0,1
3423.490362,55,510,53306.43991,12,Unemployed,Single,3,1
3503.259219,29,761,31584.65033,41,Unemployed,Divorced,1,0
5648.525469,42,456,41598.26197,30,Employed,Divorced,1,0
5338.738432,48,629,43726.22432,36,Employed,Single,0,0
5614.824833,53,575,67184.88222,51,Employed,Single,3,1
5327.635954,21,734,72326.40239,47,Unemployed,Single,0,0
5221.015467,61,321,55546.29563,29,Unemployed,Married,3,1
6782.466249,28,450,27386.43327,37,Unemployed,Married,4,0
7251.438744,49,594,45919.62717,13,Employed,Married,1,0
5848.970821,65,669,40891.97614,53,Self-Employed,Single,1,1
6449.025351,49,777,63636.58001,12,Self-Employed,Single,2,1
5998.17757,24,356,45712.19825,29,Self-Employed,Divorced,3,0
3696.89603,64,409,75025.14646,38,Self-Employed,Single,0,0
8241.583763,53,468,72553.33631,53,Unemployed,Single,2,0
5580.981329,31,621,65145.87614,33,Unemployed,Married,2,1
2079.996333,56,304,32418.79417,12,Unemployed,Married,3,1
5620.294885,48,765,13427.52662,26,Self-Employed,Single,2,1
4785.956719,68,409,47333.81175,46,Unemployed,Single,0,1
5025.337169,45,659,61078.75915,56,Unemployed,Divorced,2,0
7172.00032,21,485,53761.05477,59,Unemployed,Married,4,1
5289.145188,29,336,47580.22958,20,Employed,Divorced,1,1
3531.749023,60,643,38134.34381,42,Unemployed,Single,3,1
4746.660903,68,592,56890.13907,40,Employed,Divorced,2,0
3574.020847,69,374,42451.45188,56,Unemployed,Married,3,1
6735.051873,55,736,56915.80192,38,Employed,Married,3,0
6384.575983,53,499,51285.20271,53,Unemployed,Divorced,1,1
5507.40503,56,462,41763.45257,48,Employed,Divorced,3,1
5100.474597,50,313,31305.38801,52,Self-Employed,Single,1,1
3612.848606,59,349,5462.735986,24,Self-Employed,Single,4,0
4840.776801,52,443,62979.03314,33,Employed,Single,2,1
7408.409518,27,679,41346.13016,38,Self-Employed,Divorced,0,0
4376.112999,48,405,56121.52729,34,Employed,Single,3,1
3135.13943,65,371,40122.86541,57,Unemployed,Divorced,0,1
3465.267128,34,437,38252.98836,55,Unemployed,Married,0,0
4541.640692,21,329,49960.30232,22,Self-Employed,Married,2,0
3734.46535,24,511,56413.13391,14,Employed,Married,2,1
4765.228707,40,721,28039.6303,26,Employed,Married,3,0
3748.105973,33,579,65514.67021,54,Self-Employed,Divorced,3,0
4726.802444,28,500,49028.80545,18,Self-Employed,Divorced,2,1
3322.272625,27,796,68857.04686,46,Employed,Married,3,1
3676.190764,30,604,18559.66819,29,Unemployed,Single,0,1
6432.258374,60,664,62940.96045,28,Employed,Married,3,0
8561.246936,32,819,36464.30117,43,Employed,Divorced,1,1
5533.08625,40,424,71360.10325,21,Employed,Married,0,1
5014.948358,25,458,43474.089,52,Unemployed,Married,2,0
7988.466461,25,604,45342.23705,28,Self-Employed,Married,1,0
1651.691051,51,765,61537.10223,32,Self-Employed,Divorced,2,1
3981.471818,57,724,55155.98133,47,Unemployed,Divorced,2,0
4717.581692,34,685,43047.85608,14,Employed,Single,1,0
5563.601519,44,549,34549.35414,57,Employed,Divorced,0,1
4343.540923,62,375,59408.81689,50,Self-Employed,Married,0,0
6090.190439,26,427,78929.37109,31,Self-Employed,Divorced,1,0
4747.914066,24,814,54153.75424,41,Employed,Divorced,1,1
4213.37879,33,812,34931.71597,34,Unemployed,Married,2,0
5095.326924,39,343,51515.70691,23,Self-Employed,Divorced,1,1
5942.812071,22,604,36253.208,35,Employed,Married,3,1
5809.493133,67,585,47192.52112,45,Self-Employed,Divorced,4,1
5872.598789,25,521,73596.6864,54,Employed,Divorced,1,1
3194.201128,42,480,50321.96403,50,Employed,Single,0,0
2134.771867,45,765,39086.02815,46,Employed,Divorced,0,0
1871.286991,30,535,42859.89973,37,Self-Employed,Married,0,0
4863.884704,66,644,89040.97704,51,Employed,Divorced,1,0
9775.963956,51,809,47844.3541,34,Unemployed,Married,0,1
9506.591843,24,643,38595.77268,54,Unemployed,Single,0,1
4817.471738,32,768,32755.3519,51,Self-Employed,Divorced,0,0
6929.177422,24,319,48852.38378,59,Employed,Single,1,1
3682.198971,62,322,62097.12461,50,Employed,Single,3,0
4730.717345,44,435,54563.05777,16,Self-Employed,Married,0,0
4104.136518,27,517,28145.33831,36,Self-Employed,Divorced,4,1
4145.515324,66,762,41222.94024,26,Unemployed,Married,4,0
2306.206329,28,315,54137.70553,56,Self-Employed,Single,0,0
7447.274382,69,494,53721.66155,13,Unemployed,Single,4,0
3310.997543,22,495,53397.19743,24,Unemployed,Single,3,0
40.02290898,28,463,38939.66815,18,Unemployed,Divorced,2,0
10500.23362,56,765,37790.51775,24,Employed,Single,0,0
2367.081011,68,616,58555.0358,25,Unemployed,Single,0,1
4903.509094,69,520,14331.83471,40,Employed,Divorced,2,1
6455.366337,56,344,39361.61494,34,Unemployed,Divorced,1,0
5941.184686,49,837,71617.93662,24,Self-Employed,Single,4,1
4743.054096,43,494,39575.68937,38,Self-Employed,Single,1,1
3723.103324,66,591,61318.72695,24,Employed,Single,4,1
492.1400654,48,322,57328.94118,28,Self-Employed,Divorced,3,0
3744.030866,40,434,55070.72487,43,Employed,Married,3,0
5439.460621,29,617,35673.1564,56,Unemployed,Divorced,1,1
-1369.568038,47,531,64897.04834,38,Unemployed,Single,4,1
8902.553959,52,497,51403.86601,26,Employed,Divorced,3,1
3097.689451,36,654,21815.45502,16,Self-Employed,Divorced,0,1
960.7675812,59,384,74800.50107,28,Self-Employed,Divorced,2,0
3867.422134,36,578,51440.18885,58,Employed,Married,4,0
7875.572364,52,718,67433.02844,43,Employed,Married,3,0
7121.538399,48,572,35225.02128,38,Self-Employed,Divorced,0,1
3136.960419,43,400,51645.99557,53,Employed,Married,3,0
2061.757015,31,326,53915.05057,45,Employed,Married,3,1
6539.272626,30,384,25770.45663,22,Self-Employed,Divorced,2,1
6158.489659,69,746,63074.481,36,Unemployed,Divorced,4,1
5724.721527,25,817,33219.02924,41,Self-Employed,Single,4,0
7871.276709,22,753,25861.74333,46,Employed,Divorced,2,0
5213.610654,31,640,56254.68041,16,Unemployed,Single,3,0
3707.89521,67,664,83904.79179,36,Employed,Single,2,1
7549.703361,56,779,57158.26063,17,Unemployed,Single,0,0
5535.156171,28,531,50316.98576,28,Self-Employed,Married,0,0
7667.328173,53,563,38680.01613,49,Unemployed,Married,1,0
6392.780336,41,610,45432.63798,21,Unemployed,Divorced,2,0
2464.179365,50,481,81592.94666,49,Employed,Married,4,0
3720.723532,21,362,34648.5508,55,Employed,Single,4,0
6764.743209,40,569,76696.37215,28,Self-Employed,Married,4,1
4073.605954,22,468,32003.28785,57,Unemployed,Married,4,0
8485.989309,34,706,42829.87237,13,Unemployed,Single,0,0
3694.584152,29,494,51360.18213,30,Employed,Single,4,1
6390.825236,55,346,42656.26516,25,Employed,Divorced,4,0
2466.198085,23,802,55952.88113,32,Employed,Divorced,1,0
2683.282189,52,385,24031.9639,43,Employed,Married,1,1
5415.996304,68,663,39145.04354,55,Unemployed,Single,4,1
5201.398174,26,409,43350.83393,49,Employed,Married,4,1
6473.758069,30,363,52618.60624,55,Unemployed,Single,0,1
4411.50762,42,457,63508.7611,37,Unemployed,Divorced,3,0
5337.006712,63,463,45221.79634,45,Unemployed,Married,2,0
6489.121601,23,639,25055.26871,59,Unemployed,Married,3,0
6847.414454,44,453,55788.79705,12,Self-Employed,Married,2,0
4659.701062,51,312,38807.93219,25,Self-Employed,Divorced,4,0
7409.091882,37,849,58441.32091,17,Unemployed,Married,3,1
4354.358651,34,546,48979.42449,40,Self-Employed,Divorced,2,1
5616.073289,44,410,56359.35808,35,Employed,Married,2,1
3870.787166,44,558,74489.83959,54,Unemployed,Married,2,1
4959.364426,27,539,36875.07775,57,Employed,Divorced,2,1
7014.351958,50,581,66528.95838,53,Unemployed,Divorced,2,0
5284.334432,45,458,46107.35866,34,Self-Employed,Married,2,1
8162.306466,57,515,25873.29686,35,Unemployed,Divorced,1,1
1685.060637,36,841,73944.22219,42,Self-Employed,Divorced,1,0
5723.132261,30,732,56108.24609,46,Self-Employed,Married,3,0
6167.859404,40,474,43557.07752,24,Employed,Married,2,0
6572.004385,40,466,46762.59506,53,Unemployed,Married,0,1
8658.95915,43,530,43677.40341,48,Employed,Married,2,0
3038.043031,59,387,34297.16762,17,Unemployed,Married,1,1
3814.611798,27,817,27668.78607,46,Employed,Single,4,1
6071.917415,29,814,59128.34733,12,Unemployed,Single,0,1
9514.421931,57,521,43603.06838,41,Employed,Single,0,0
5400.925162,61,478,48859.02746,37,Unemployed,Single,2,1
4417.54035,66,426,35720.86836,14,Self-Employed,Divorced,1,0
2514.159779,51,743,54593.49679,24,Unemployed,Married,0,0
3173.383157,35,828,54010.40264,37,Unemployed,Single,1,1
2205.905246,67,692,46911.43086,17,Employed,Divorced,0,0
2719.48029,38,763,32013.87869,22,Self-Employed,Divorced,4,0
7080.426773,29,725,37069.93386,48,Self-Employed,Single,0,0
8009.216641,23,305,51255.99312,43,Unemployed,Single,0,1
7375.054025,50,377,30129.70823,47,Employed,Married,0,1
4262.487042,49,719,52893.59196,20,Employed,Single,2,1
2821.634586,27,591,35881.54421,45,Self-Employed,Married,0,0
6617.531635,52,474,36077.63996,23,Self-Employed,Divorced,2,1
7993.549253,27,818,28332.17815,55,Unemployed,Married,0,1
7286.033518,48,460,54423.89157,28,Employed,Divorced,1,1
7474.30544,31,385,57894.87397,45,Unemployed,Divorced,4,0
6625.587524,48,633,76581.51027,19,Unemployed,Divorced,4,1
6528.486079,50,492,48076.90024,37,Unemployed,Divorced,2,1
5793.80308,47,365,62045.634,52,Employed,Married,4,0
3617.351113,36,778,63997.66651,52,Employed,Divorced,0,1
7521.366461,50,673,63336.10554,49,Employed,Single,1,0
4268.907627,68,504,43065.60332,44,Self-Employed,Single,1,0
5287.807368,37,422,50706.09576,35,Employed,Divorced,2,1
6174.160285,53,401,99805.38136,58,Employed,Married,0,0
4832.330338,65,516,28489.55425,16,Self-Employed,Single,4,0
4131.61324,31,334,78955.68572,27,Self-Employed,Single,0,1
7689.747478,31,390,70330.20626,43,Unemployed,Married,0,1
5276.660986,23,816,33484.15621,53,Self-Employed,Married,4,0
4880.56679,61,694,65830.001,21,Self-Employed,Divorced,2,1
3829.958853,22,541,44570.30341,40,Employed,Married,1,1
6958.18973,63,712,74066.61003,48,Employed,Single,1,1
6080.015624,65,777,59834.78345,58,Unemployed,Single,1,1
4428.186978,54,713,45449.85305,50,Self-Employed,Divorced,1,1
9022.053046,49,348,48104.77939,26,Unemployed,Married,4,0
4562.055778,63,653,33362.76289,31,Self-Employed,Married,2,0
3869.108173,55,466,36381.69936,53,Unemployed,Divorced,3,0
4650.133057,41,535,49438.82193,41,Employed,Divorced,0,0
4374.910631,31,618,56215.03377,13,Unemployed,Single,4,1
6901.548003,44,526,52042.13117,25,Unemployed,Divorced,3,1
4959.016751,54,756,59050.46036,54,Self-Employed,Married,1,1
8168.356582,32,385,60071.6588,26,Unemployed,Married,2,0
6615.047722,35,400,74068.76649,16,Unemployed,Single,1,0
3880.311198,62,551,39815.56833,55,Self-Employed,Married,2,1
4662.125767,32,841,51305.54225,20,Unemployed,Married,0,0
4011.338394,29,540,53158.25694,59,Self-Employed,Single,1,0
3559.047083,32,733,32596.09616,47,Employed,Married,2,0
-577.7616366,45,538,41257.1919,12,Employed,Single,2,1
6590.983485,64,445,38764.49847,31,Unemployed,Single,1,1
4504.437435,52,787,22603.88451,21,Self-Employed,Married,1,0
5975.524106,39,843,53089.0011,35,Unemployed,Single,2,1
5109.16639,48,772,63221.01609,19,Employed,Divorced,0,1
3431.524761,32,405,41485.80227,36,Employed,Married,1,1
2906.643631,31,718,61957.69346,38,Self-Employed,Divorced,1,0
3494.67014,43,412,49866.95957,16,Self-Employed,Single,4,0
5536.333347,21,329,85302.30267,14,Unemployed,Divorced,0,0
5962.286325,61,607,63936.05096,39,Employed,Married,4,1
7587.642134,38,629,46285.51243,14,Self-Employed,Divorced,4,0
8221.548073,68,392,43180.8504,29,Unemployed,Single,3,1
8853.573421,48,438,64836.52382,36,Unemployed,Divorced,0,1
4458.027393,26,417,42563.50862,21,Self-Employed,Divorced,4,1
4438.505094,57,359,59357.58337,34,Self-Employed,Married,2,0
5476.418374,32,731,75300.22156,18,Employed,Single,0,1
5515.467755,34,803,38634.83301,34,Self-Employed,Single,4,1
761.2019626,58,380,32585.37198,32,Employed,Single,0,0
3115.934306,30,465,38338.45424,38,Employed,Married,4,0
3483.264207,51,318,72610.02539,21,Self-Employed,Divorced,4,1
3610.159256,59,359,27566.79182,37,Employed,Divorced,3,1
9932.284395,67,574,47284.7446,53,Employed,Married,2,1
2862.652338,45,559,48303.29758,29,Employed,Married,4,0
5774.434893,61,555,34570.31869,51,Self-Employed,Single,2,0
3247.250505,42,712,39502.45066,32,Unemployed,Married,4,1
6456.556238,24,482,56314.94734,14,Self-Employed,Single,4,0
6725.866095,57,302,49131.8329,56,Employed,Divorced,2,1
8503.403594,52,426,42785.27984,57,Employed,Married,2,1
9019.764295,51,796,57233.893,22,Self-Employed,Single,1,0
4049.75173,54,670,37241.21159,15,Unemployed,Divorced,1,1
5200.059045,42,441,83835.60845,25,Employed,Divorced,4,0
6427.354784,54,423,61926.12132,25,Employed,Divorced,0,0
5705.891055,55,449,58209.49957,58,Unemployed,Divorced,3,0
5176.595541,21,760,57149.97836,54,Unemployed,Divorced,3,1
1958.358061,38,388,50270.89132,47,Self-Employed,Single,3,1
2746.774557,56,845,49218.76528,33,Self-Employed,Married,3,0
3312.579556,66,518,64312.11785,50,Unemployed,Married,2,1
3708.167024,48,804,53701.52376,44,Employed,Married,4,0
3406.592712,23,678,36649.94459,46,Self-Employed,Divorced,2,1
5397.026565,38,827,63235.92221,50,Unemployed,Single,3,0
4727.85989,67,506,25153.26989,56,Unemployed,Married,3,1
8130.984577,29,517,73371.56059,30,Unemployed,Single,0,1
7043.662352,35,589,73704.77798,26,Self-Employed,Divorced,4,1
5647.514,61,584,45351.20027,20,Unemployed,Single,4,1
2758.881307,35,464,41391.79261,17,Self-Employed,Married,2,0
6840.518141,30,509,60189.76814,50,Employed,Married,1,0
7943.856682,26,525,41754.6372,32,Unemployed,Divorced,4,1
7192.726109,38,644,64381.83382,13,Employed,Divorced,4,1
4536.745199,22,609,41259.49646,51,Self-Employed,Married,4,1